,model,weight_bit_width,weight_quant_granularity,learned_round_lr,learned_round_scale,learned_round_iters,quant_ppl,all_acc
46,Llama-3.2-1B-Instruct,2,per_group,0.005,False,200,56.25346374511719,0.4287781667103578
52,Llama-3.2-1B-Instruct,4,per_channel,0.005,False,200,15.095212936401367,0.5384764817643763
5,Llama-3.2-1B-Instruct,4,per_group,0.005,False,200,12.951348304748535,0.5493424588411784
56,Qwen2.5-3B-Instruct,2,per_group,0.005,False,200,26.047555923461918,0.4495580980585268
10,Qwen2.5-3B-Instruct,4,per_channel,0.005,False,200,8.812427520751953,0.6373887473274376
9,Qwen2.5-3B-Instruct,4,per_group,0.005,False,200,8.246197700500488,0.6409961226290735
62,opt-125m,2,per_group,0.005,False,200,53.87036895751953,0.3778745313362716
32,opt-125m,4,per_channel,0.005,False,200,27.60695075988769,0.4041916834387006
0,opt-125m,4,per_group,0.005,False,200,26.268835067749023,0.4126810041189211
